<?xml version="1.0" encoding="UTF-8"?>
<NamedCredential xmlns="http://soap.sforce.com/2006/04/metadata">
    <allowMergeFieldsInBody>false</allowMergeFieldsInBody>
    <allowMergeFieldsInHeader>false</allowMergeFieldsInHeader>
    <endpoint>https://dev.cloud-connect.in/ccpl_api/v1.4/api/info</endpoint>
    <generateAuthorizationHeader>false</generateAuthorizationHeader>
    <label>Cloud Connect Info</label>
    <principalType>Anonymous</principalType>
    <protocol>NoAuthentication</protocol>
</NamedCredential>
