<?xml version="1.0" encoding="UTF-8"?>
<CustomMetadata xmlns="http://soap.sforce.com/2006/04/metadata" xmlns:xsi="http://www.w3.org/2001/XMLSchema-instance" xmlns:xsd="http://www.w3.org/2001/XMLSchema">
    <label>Dialer Data</label>
    <protected>false</protected>
    <values>
        <field>Auto_lead_creation__c</field>
        <value xsi:type="xsd:boolean">true</value>
    </values>
    <values>
        <field>Call_Disposition__c</field>
        <value xsi:type="xsd:string">Completed</value>
    </values>
    <values>
        <field>Hide_Real_Phone__c</field>
        <value xsi:type="xsd:boolean">true</value>
    </values>
    <values>
        <field>SOSL_fields__c</field>
        <value xsi:type="xsd:string">Account(Id, Name), Contact(Id, Name), Lead(Id, Name)</value>
    </values>
</CustomMetadata>
