{
    "packageDirectories": [
        {
            "path": "force-app",
            "default": true,
            "package": "GitLabPipelinesPkg",
            "versionName": "Version 1.0",
            "versionNumber": "1.0.0.NEXT"
        },
        {
            "path": "force-app",
            "package": "CCDialerUnmanaged",
            "versionName": "ver 0.1",
            "versionNumber": "0.1.0.NEXT",
            "default": false
        }
    ],
    "namespace": "",
    "sfdcLoginUrl": "https://login.salesforce.com",
    "sourceApiVersion": "45.0",
    "packageAliases": {
        "CCDialerUnmanaged": "0Ho4P000000blVUSAY",
        "CCDialerUnmanaged@0.1.0-1": "04t4P000002XFyKQAW",
        "CCDialerUnmanaged@0.1.0-2": "04t4P000002XFyZQAW",
        "CCDialerUnmanaged@0.1.0-3": "04t4P000002XFyjQAG"
    }
}