<?xml version="1.0" encoding="UTF-8"?>
<CustomField xmlns="http://soap.sforce.com/2006/04/metadata">
    <fullName>Call_Disposition__c</fullName>
    <externalId>false</externalId>
    <fieldManageability>DeveloperControlled</fieldManageability>
    <inlineHelpText>Call Disposition picklist options to display on the page.</inlineHelpText>
    <label>Call Disposition</label>
    <required>false</required>
    <type>Picklist</type>
    <valueSet>
        <restricted>true</restricted>
        <valueSetDefinition>
            <sorted>false</sorted>
            <value>
                <fullName>Completed</fullName>
                <default>true</default>
                <label>Completed</label>
            </value>
            <value>
                <fullName>Busy</fullName>
                <default>false</default>
                <label>Busy</label>
            </value>
            <value>
                <fullName>Missed</fullName>
                <default>false</default>
                <label>Missed</label>
            </value>
            <value>
                <fullName>Callback</fullName>
                <default>false</default>
                <label>Callback</label>
            </value>
            <value>
                <fullName>Disconnected number</fullName>
                <default>false</default>
                <label>Disconnected number</label>
            </value>
            <value>
                <fullName>Wrong number</fullName>
                <default>false</default>
                <label>Wrong number</label>
            </value>
            <value>
                <fullName>Voice mail</fullName>
                <default>false</default>
                <label>Voice mail</label>
            </value>
            <value>
                <fullName>Disconnected - Audio quality</fullName>
                <default>false</default>
                <label>Disconnected - Audio quality</label>
            </value>
            <value>
                <fullName>Connected but not available</fullName>
                <default>false</default>
                <label>Connected but not available</label>
            </value>
            <value>
                <fullName>Connected but not interested</fullName>
                <default>false</default>
                <label>Connected but not interested</label>
            </value>
            <value>
                <fullName>DND (Do Not Disturb)</fullName>
                <default>false</default>
                <label>DND (Do Not Disturb)</label>
            </value>
            <value>
                <fullName>Complaint</fullName>
                <default>false</default>
                <label>Complaint</label>
            </value>
            <value>
                <fullName>Requires to follow up</fullName>
                <default>false</default>
                <label>Requires to follow up</label>
            </value>
            <value>
                <fullName>Requires supervisor attention</fullName>
                <default>false</default>
                <label>Requires supervisor attention</label>
            </value>
        </valueSetDefinition>
    </valueSet>
</CustomField>
