<?xml version="1.0" encoding="UTF-8"?>
<CustomField xmlns="http://soap.sforce.com/2006/04/metadata">
    <fullName>SOSL_fields__c</fullName>
    <externalId>false</externalId>
    <fieldManageability>DeveloperControlled</fieldManageability>
    <inlineHelpText>SOSL query to get the name and id of the record where caller number found from the dialer app.</inlineHelpText>
    <label>SOSL fields</label>
    <length>32768</length>
    <type>LongTextArea</type>
    <visibleLines>3</visibleLines>
</CustomField>
